velocity,force
-5,0.3003077193
-4.99,0.7958464572
-4.98,0.3915711811
-4.97,0.3909348098
-4.96,0.9899929146
-4.95,0.3597143332
-4.94,0.8119326234
-4.93,0.623586467
-4.92,1.1206459548
-4.91,0.6068085739
-4.9,0.7411403052
-4.89,0.4961375809
-4.88,1.08453154
-4.87,0.8787779515
-4.86,0.3607656532
-4.85,0.1713489873
-4.84,0.3234709009
-4.83,0.7195991323
-4.82,0.9511906687
-4.81,0.7698326903
-4.8,0.2239260863
-4.79,0.8112870487
-4.78,0.6547707258
-4.77,0.79075203
-4.76,0.2792558067
-4.75,0.1977495107
-4.74,0.3220540976
-4.73,0.1273168771
-4.72,0.559482642
-4.71,0.9697545714
-4.7,0.0583749587
-4.69,0.2715585635
-4.68,0.6963077561
-4.67,0.8831829871
-4.66,-0.0221171727
-4.65,0.14941784
-4.64,0.8660349703
-4.63,0.2553256506
-4.62,0.4199180001
-4.61,0.3458580937
-4.6,0.7036310083
-4.59,0.6375136887
-4.58,0.2968738165
-4.57,0.6084160121
-4.56,0.5361096639
-4.55,-0.1543958532
-4.54,0.5909187512
-4.53,0.530530187
-4.52,0.2014243604
-4.51,0.1421202855
-4.5,0.6161042649
-4.49,0.1244780102
-4.48,0.098147188
-4.47,0.061976535
-4.46,0.6573964468
-4.45,0.0657480557
-4.44,0.1538401549
-4.43,0.604191978
-4.42,0.0721606258
-4.41,0.0781097646
-4.4,0.5608818359
-4.39,0.6269026169
-4.38,0.2691828124
-4.37,0.3908054464
-4.36,0.4225021524
-4.35,0.3974143813
-4.34,-0.1597220608
-4.33,-0.0781931969
-4.32,-0.028121827
-4.31,0.3908543093
-4.3,0.4607227908
-4.29,0.3535517723
-4.28,-0.0053009861
-4.27,0.3226890537
-4.26,0.3272147554
-4.25,-0.0127896071
-4.24,0.037717392
-4.23,0.0066784134
-4.22,0.3969700263
-4.21,-0.1500946609
-4.2,0.414874919
-4.19,0.0649961766
-4.18,-0.3268421956
-4.17,-0.172822074
-4.16,0.3109525754
-4.15,-0.2390533565
-4.14,0.5339486489
-4.13,0.0950062835
-4.12,-0.066488246
-4.11,0.0602791736
-4.1,-0.2168031122
-4.09,0.1762597213
-4.08,0.521809872
-4.07,-0.2728365325
-4.06,0.1694675808
-4.05,0.2601034063
-4.04,-0.2052933984
-4.03,-0.1619888522
-4.02,-0.0697027064
-4.01,0.4478727646
-4,-0.3100724383
-3.99,0.0914424555
-3.98,-0.0517954464
-3.97,0.1091772833
-3.96,0.2469357114
-3.95,-0.3728882334
-3.94,0.0192777538
-3.93,0.3009149593
-3.92,0.1359847056
-3.91,-0.2134926789
-3.9,0.1348015911
-3.89,0.4921063661
-3.88,0.111463167
-3.87,-0.2035137933
-3.86,0.1861623464
-3.85,0.3972438042
-3.84,-0.3061688343
-3.83,-0.4005295143
-3.82,0.408179277
-3.81,0.4360032492
-3.8,0.5026197277
-3.79,0.1780766853
-3.78,-0.0021002428
-3.77,0.1305387343
-3.76,-0.3806924845
-3.75,0.131211779
-3.74,-0.1578751642
-3.73,-0.0061666009
-3.72,-0.0145469205
-3.71,0.2841583191
-3.7,-0.1521501006
-3.69,-0.0416039619
-3.68,-0.2639340104
-3.67,0.4503662359
-3.66,-0.009945542
-3.65,-0.2918936538
-3.64,0.1151181721
-3.63,-0.0847763342
-3.62,0.3084863501
-3.61,-0.2004420857
-3.6,0.0133284929
-3.59,-0.2004844303
-3.58,-0.1906901534
-3.57,0.1068645609
-3.56,0.1532079362
-3.55,-0.2755570532
-3.54,-0.0296288996
-3.53,0.1783904632
-3.52,0.2421347125
-3.51,0.6237114097
-3.5,-0.1465724005
-3.49,0.654772631
-3.48,0.3677879297
-3.47,-0.141639465
-3.46,0.3022722883
-3.45,0.1159738973
-3.44,0.2769360106
-3.43,0.4744161895
-3.42,0.0978132671
-3.41,-0.1506896142
-3.4,0.1919915176
-3.39,0.5020563296
-3.38,0.4987365245
-3.37,0.0113176359
-3.36,0.3885798608
-3.35,0.2345723812
-3.34,0.2676837612
-3.33,0.5487146365
-3.32,0.5111314274
-3.31,0.2845740857
-3.3,0.1698382289
-3.29,0.6392369872
-3.28,0.7494243589
-3.27,0.4037942685
-3.26,0.764760409
-3.25,0.6137100884
-3.24,0.8791291167
-3.23,0.6044857983
-3.22,0.5055981898
-3.21,0.6651942492
-3.2,-0.0108779791
-3.19,0.3679647876
-3.18,-0.0361502455
-3.17,0.6559531398
-3.16,0.2811930917
-3.15,0.8577348032
-3.14,0.2960817263
-3.13,0.7640493148
-3.12,0.1700498215
-3.11,0.4911503042
-3.1,0.9546420256
-3.09,0.8236806729
-3.08,0.2838372895
-3.07,0.6686563104
-3.06,0.5247849253
-3.05,1.0746228493
-3.04,0.7429473253
-3.03,0.7702000651
-3.02,0.6924377723
-3.01,0.939644069
-3,1.0980238535
-2.99,0.4171188219
-2.98,0.546033747
-2.97,1.0489579647
-2.96,1.0445976167
-2.95,0.7345298081
-2.94,0.3133437411
-2.93,1.1769819617
-2.92,0.8995327942
-2.91,0.6558581502
-2.9,1.1227947956
-2.89,0.5139730084
-2.88,0.2782780808
-2.87,0.2654895337
-2.86,0.4524925472
-2.85,0.5955397018
-2.84,1.1799497165
-2.83,1.204775986
-2.82,1.0596491932
-2.81,0.3090986945
-2.8,0.4175239072
-2.79,1.1722301561
-2.78,1.0176682545
-2.77,0.7336672288
-2.76,0.6537543103
-2.75,0.9131994085
-2.74,1.2105895717
-2.73,0.401421332
-2.72,0.4123937455
-2.71,0.4718474829
-2.7,0.805147655
-2.69,1.1372002215
-2.68,1.0802684511
-2.67,1.1198282953
-2.66,0.6493156082
-2.65,0.8423021443
-2.64,1.0463682574
-2.63,1.4264817549
-2.62,0.8488232128
-2.61,1.247987753
-2.6,0.6032893805
-2.59,1.1320486157
-2.58,0.7353109539
-2.57,1.2707024586
-2.56,1.2020275558
-2.55,1.2755593791
-2.54,1.0737521605
-2.53,1.1505950874
-2.52,1.3073855872
-2.51,0.8359666562
-2.5,1.069375843
-2.49,0.7375985554
-2.48,0.5276287122
-2.47,0.9691631011
-2.46,1.1710300658
-2.45,1.3874960493
-2.44,1.1034591165
-2.43,1.4407244362
-2.42,1.3494661763
-2.41,0.9597970598
-2.4,1.1401024268
-2.39,1.0968644914
-2.38,0.8477166985
-2.37,0.9802218261
-2.36,0.5357390123
-2.35,1.1566439758
-2.34,0.991015698
-2.33,1.2713150513
-2.32,0.8026917895
-2.31,0.8698135981
-2.3,1.3838796892
-2.29,1.1765103428
-2.28,1.3740792177
-2.27,1.1963077431
-2.26,0.7250290835
-2.25,1.2922146951
-2.24,1.2771656663
-2.23,1.1656266379
-2.22,0.9334507655
-2.21,0.5232935301
-2.2,1.2200717132
-2.19,0.9260082069
-2.18,0.8871366365
-2.17,1.062077828
-2.16,0.7713440397
-2.15,1.4443689464
-2.14,0.780119915
-2.13,1.4143716227
-2.12,1.2356025613
-2.11,0.9988872677
-2.1,1.1341411531
-2.09,1.3707210891
-2.08,0.4883277232
-2.07,0.8988966404
-2.06,1.0552541357
-2.05,0.6320798275
-2.04,0.541810493
-2.03,0.4443889605
-2.02,0.8840275641
-2.01,0.7415426541
-2,0.7608368855
-1.99,1.2816011235
-1.98,0.415912657
-1.97,0.7943360154
-1.96,1.3054344275
-1.95,1.2739138566
-1.94,0.8059309373
-1.93,1.1213963736
-1.92,0.8005828551
-1.91,0.5278057852
-1.9,0.9437608288
-1.89,1.232859014
-1.88,0.5272590862
-1.87,0.3971469461
-1.86,0.8683947329
-1.85,0.5179473678
-1.84,1.053784261
-1.83,0.9436723182
-1.82,0.7724612405
-1.81,1.0745716881
-1.8,0.9045578925
-1.79,0.5318051893
-1.78,1.1840954257
-1.77,0.9524168773
-1.76,0.2258404888
-1.75,0.8543011619
-1.74,0.9610704851
-1.73,0.7005492391
-1.72,0.4173347608
-1.71,0.2656038328
-1.7,0.1691158839
-1.69,1.0247067058
-1.68,0.272115968
-1.67,0.8062528612
-1.66,0.9343577186
-1.65,0.216166829
-1.64,0.9972654304
-1.63,0.6645102223
-1.62,0.6900947909
-1.61,0.3260924657
-1.6,0.2349774253
-1.59,0.6727597199
-1.58,0.2822334245
-1.57,0.4868911333
-1.56,0.0035111273
-1.55,0.8414236109
-1.54,0.0802643367
-1.53,0.5325760723
-1.52,0.223558921
-1.51,0.0697375868
-1.5,0.5830081713
-1.49,0.4271194868
-1.48,0.1759186361
-1.47,-0.0410025613
-1.46,0.7730391199
-1.45,0.5029998543
-1.44,0.7343993156
-1.43,0.8408854477
-1.42,0.2752482102
-1.41,0.5881277741
-1.4,0.5666268486
-1.39,0.166631901
-1.38,0.5802540715
-1.37,-0.110739686
-1.36,0.5743312287
-1.35,0.7493269108
-1.34,-0.0324477829
-1.33,-0.0536517787
-1.32,0.1013823743
-1.31,-0.0345289047
-1.3,0.3997322224
-1.29,-0.1226382795
-1.28,0.2049066789
-1.27,0.5806876386
-1.26,0.3059276974
-1.25,0.5141409925
-1.24,-0.2857874433
-1.23,0.1614819723
-1.22,0.2539644644
-1.21,-0.0695097943
-1.2,0.4283826646
-1.19,-0.0906509976
-1.18,0.3342929724
-1.17,-0.0485301965
-1.16,-0.0077487053
-1.15,0.1291796653
-1.14,0.2519401472
-1.13,-0.3300109671
-1.12,0.0766805044
-1.11,-0.1384632235
-1.1,0.2748993627
-1.09,-0.3045196723
-1.08,0.2118897837
-1.07,-0.2593914567
-1.06,-0.0202170807
-1.05,-0.1461296091
-1.04,0.402806547
-1.03,0.3011255397
-1.02,0.1054716205
-1.01,-0.2144483642
-1,-0.4164794761
-0.99,0.4600295042
-0.98,-0.0794847342
-0.97,0.5030280117
-0.96,0.3740689773
-0.95,0.4700645384
-0.94,0.3466259501
-0.93,0.4734037839
-0.92,0.333818285
-0.91,-0.2176370047
-0.9,0.2769052815
-0.89,-0.0994178603
-0.88,0.2893833942
-0.87,0.1695210919
-0.86,0.4305561335
-0.85,0.3132671042
-0.84,-0.2838995561
-0.83,-0.0932884955
-0.82,-0.0024055802
-0.81,-0.1441472739
-0.8,-0.0527530986
-0.79,0.3402836411
-0.78,-0.2117035751
-0.77,-0.1790872196
-0.76,-0.2948100203
-0.75,-0.0849681881
-0.74,-0.2280616894
-0.73,0.2529557259
-0.72,0.1216893694
-0.71,-0.2465590529
-0.7,0.4494547619
-0.69,-0.3727115303
-0.68,0.2036621896
-0.67,0.3653473661
-0.66,0.361330995
-0.65,0.4906311996
-0.64,-0.188826703
-0.63,0.2645357644
-0.62,0.06975026
-0.61,0.3967834331
-0.6,-0.2615268404
-0.59,0.4917806423
-0.58,-0.0022904321
-0.57,0.1294696674
-0.56,0.3565997254
-0.55,-0.2544261992
-0.54,-0.2547812552
-0.53,-0.3587408005
-0.52,0.0026718405
-0.51,0.5709143989
-0.5,0.212787869
-0.49,0.0770693623
-0.48,0.1660021315
-0.47,0.5126519582
-0.46,0.0716926656
-0.45,0.0785686442
-0.44,0.5094893453
-0.43,-0.2258449303
-0.42,0.6088542862
-0.41,0.631335506
-0.4,0.0444038014
-0.39,0.1246366376
-0.38,0.2898069645
-0.37,-0.0006825111
-0.36,0.1897100527
-0.35,0.5044889727
-0.34,0.0391873268
-0.33,-0.1505209357
-0.32,0.0329439273
-0.31,0.1259952852
-0.3,0.0979062675
-0.29,0.6237779
-0.28,-0.2346381859
-0.27,-0.0943181824
-0.26,-0.0138310282
-0.25,0.1994932273
-0.24,0.6348612345
-0.23,-0.200809662
-0.22,0.4863500725
-0.21,0.6498644026
-0.2,0.0289280284
-0.19,0.7160139909
-0.18,0.7755155563
-0.17,0.5139102617
-0.16,0.3898090431
-0.15,0.3127706939
-0.14,0.5658786276
-0.13,0.243340021
-0.12,0.1393438114
-0.11,0.4609320532
-0.1,0.7735865679
-0.09,-0.0256341247
-0.08,0.8640301654
-0.07,0.1657409333
-0.06,0.3545758316
-0.05,0.4881585317
-0.04,0.8446222857
-0.03,0.3870582308
-0.02,0.3533403563
-0.01,0.9653358949
-6.2307797810135E-14,0.9403283524
0.01,0.5534236865
0.02,0.5496129301
0.03,0.3624705225
0.04,0.4626804419
0.05,0.2824776706
0.06,0.6360626578
0.07,0.1697707421
0.08,0.2380410304
0.09,1.0821169128
0.1,0.926950861
0.11,0.1218734572
0.12,0.1673259493
0.13,0.4630543246
0.14,1.0635142617
0.15,0.3419285046
0.16,0.9937870637
0.17,0.3467500639
0.18,0.7683357746
0.19,0.9899862452
0.2,0.5687809197
0.21,1.0566975109
0.22,1.0383163204
0.23,0.4143247322
0.24,0.8696391447
0.25,1.0303781326
0.26,0.7513825808
0.27,0.8283273219
0.28,0.2983581044
0.29,1.030272542
0.3,1.200263359
0.31,1.0504136014
0.32,0.9470389599
0.33,0.5932144486
0.34,0.6441919419
0.35,0.3855943325
0.36,1.1632298827
0.37,1.0391691087
0.38,0.8165122405
0.39,0.4903334773
0.4,1.3023957756
0.41,0.79654078
0.42,0.5302363496
0.43,1.2967948824
0.44,0.7705995157
0.45,1.1665017536
0.46,1.2062185351
0.47,1.0703492673
0.48,1.1011864924
0.49,0.6977968616
0.5,0.6024581283
0.51,0.871226925
0.52,1.421737215
0.53,1.2081093392
0.54,0.9503078137
0.55,1.3551160869
0.56,0.6341366671
0.57,0.5915253635
0.58,1.1374753793
0.59,0.530229688
0.6,0.8312959786
0.61,0.7079214628
0.62,1.1626696747
0.63,1.2738774085
0.64,0.9186026607
0.65,0.5895241169
0.66,1.2409905673
0.67,1.1304144948
0.68,1.1188700129
0.69,1.4822918842
0.7,0.5362066222
0.71,1.1400655642
0.72,0.6256168116
0.73,1.0504275795
0.74,1.3249029042
0.75,1.4278797647
0.76,1.0074907533
0.77,0.98993996
0.78,1.4122341983
0.79,0.8556352373
0.8,0.5999752137
0.81,1.0268461045
0.82,0.8909553653
0.83,1.0361900465
0.84,0.6160260101
0.85,1.1456162075
0.86,0.8093179671
0.87,1.2056541569
0.88,1.2569171176
0.89,1.1153305884
0.9,0.9886520609
0.91,0.6630492564
0.92,1.2448712439
0.93,1.3720565841
0.94,0.5488319411
0.95,0.9533176142
0.96,0.688778346
0.97,1.3204355225
0.98,0.5811015051
0.99,1.145127013
1,0.5889059865
1.01,0.6910916954
1.02,1.0281575764
1.03,0.8345229277
1.04,1.3890040369
1.05,1.1668493478
1.06,0.97054008
1.07,0.6289054367
1.08,1.1186721946
1.09,1.3971519946
1.1,1.3216573756
1.11,0.8632314683
1.12,0.8829893568
1.13,1.086920664
1.14,0.4115674745
1.15,0.8258864003
1.16,0.7840719275
1.17,0.6088920975
1.18,1.3412101226
1.19,0.9549344705
1.2,1.2815350717
1.21,1.175286289
1.22,0.5551554153
1.23,0.3786989689
1.24,0.6640598358
1.25,1.1433402531
1.26,1.1722279797
1.27,0.8963115683
1.28,0.5029087168
1.29,0.7061755226
1.3,1.062280201
1.31,1.0424325082
1.32,0.5263578211
1.33,0.9442241122
1.34,0.8786166813
1.35,0.2629628108
1.36,1.1350681592
1.37,0.8457238029
1.38,0.564683322
1.39,0.202115532
1.4,0.3131473579
1.41,1.0034574469
1.42,0.7765176679
1.43,0.2145656574
1.44,0.9373602401
1.45,0.5502170727
1.46,0.4019607892
1.47,0.5965389881
1.48,0.384606964
1.49,0.7331688813
1.5,0.3822080092
1.51,0.1415563841
1.52,0.9986049733
1.53,0.8618342649
1.54,0.8589543591
1.55,0.7884023147
1.56,0.0652503198
1.57,0.1433463288
1.58,0.086280183
1.59,0.4032408023
1.6,0.9026873173
1.61,0.6039646619
1.62,0.0915410261
1.63,0.204472091
1.64,0.5553526059
1.65,0.4490483415
1.66,0.7172120202
1.67,0.5658092222
1.68,0.8258265658
1.69,0.677621344
1.7,0.2183989567
1.71,-0.0610585713
1.72,0.5530631919
1.73,0.5343352609
1.74,-0.1563737872
1.75,0.0747369315
1.76,0.1552957959
1.77,0.7571626948
1.78,0.3104879167
1.79,0.752799482
1.8,0.3983126932
1.81,0.3693417637
1.82,0.7478237313
1.83,0.5556918998
1.84,0.4265457197
1.85,0.4066294305
1.86,0.6083130222
1.87,0.2181244139
1.88,0.2752985599
1.89,-0.0313412866
1.9,0.6118795421
1.91,0.5998481821
1.92,0.6261934902
1.93,0.6569018772
1.94,-0.0964955173
1.95,-0.0244107072
1.96,-0.2892146088
1.97,0.5252106674
1.98,0.4626438295
1.99,0.0594249114
2,0.4385098699
2.01,-0.3349379687
2.02,0.5925668946
2.03,-0.2637064034
2.04,0.2795270067
2.05,0.3837369989
2.06,-0.1576875405
2.07,0.0961277084
2.08,-0.091346669
2.09,0.2560962754
2.1,0.3520934819
2.11,0.1710720558
2.12,-0.1407269707
2.13,-0.1525960943
2.14,-0.1914016883
2.15,-0.0930103286
2.16,-0.1561112769
2.17,0.2073115377
2.18,-0.0500594393
2.19,0.1441942467
2.2,-0.259985758
2.21,-0.1876287419
2.22,-0.2742689579
2.23,0.1125023047
2.24,0.0463634454
2.25,0.3285743763
2.26,0.3225970581
2.27,-0.4044692906
2.28,0.0439218497
2.29,-0.028504358
2.3,-0.4818323359
2.31,0.2844864516
2.32,-0.456970388
2.33,0.4658031358
2.34,0.0590424537
2.35,-0.3890800044
2.36,-0.4684245743
2.37,-0.3702870612
2.38,0.0053580781
2.39,-0.4864776109
2.4,0.3930402305
2.41,0.0786229647
2.42,-0.4133263513
2.43,-0.4121698939
2.44,-0.4916706689
2.45,0.0968008984
2.46,-0.2002258844
2.47,0.4585378758
2.48,0.4232196993
2.49,0.2190619139
2.5,0.1500438274
2.51,0.0526437855
2.52,0.0836210776
2.53,0.0008572088
2.54,-0.2569136885
2.55,0.3947620977
2.56,-0.1516064282
2.57,0.514911422
2.58,-0.2226064979
2.59,0.3287409251
2.6,0.3048978158
2.61,0.5219134485
2.62,-0.2924823755
2.63,0.3956650861
2.64,0.3491000305
2.65,-0.3081257037
2.66,0.2600102973
2.67,0.4236599074
2.68,-0.3578573119
2.69,-0.3654200396
2.7,0.2666590948
2.71,-0.1387097996
2.72,0.5831886137
2.73,0.5480291225
2.74,0.0870149737
2.75,-0.3028785262
2.76,0.0691684541
2.77,-0.2884263186
2.78,0.5003317416
2.79,0.3282044731
2.8,0.329480587
2.81,0.6778614632
2.82,0.1582447055
2.83,-0.1717710715
2.84,0.6703126256
2.85,-0.1959629624
2.86,0.0360211806
2.87,-0.1383053612
2.88,-0.0722403111
2.89,0.5719862487
2.9,0.4469831911
2.91,0.620294661
2.92,-0.097588775
2.93,0.5752552682
2.94,0.7124068882
2.95,0.1846600879
2.96,0.4903703176
2.97,0.7292169494
2.98,-0.048819882
2.99,0.7838962869
3,0.6945385252
3.01,0.1751914669
3.02,0.7017093054
3.03,-0.1035347479
3.04,0.7245981437
3.05,0.0552422048
3.06,0.5439746992
3.07,0.1394244498
3.08,0.9263073908
3.09,-0.0109755301
3.1,0.4671425865
3.11,0.1675130799
3.12,0.3225136428
3.13,0.9017592566
3.14,0.5157695012
3.15,0.2168291536
3.16,0.1687919707
3.17,0.9197220071
3.18,1.0356682728
3.19,0.3400536595
3.2,0.703629098
3.21,0.4916976031
3.22,0.231348745
3.23,0.5662709527
3.24,0.2509990131
3.25,0.6747806733
3.26,0.9016078085
3.27,0.3624413259
3.28,0.7837710391
3.29,0.1741593957
3.3,0.3691237972
3.31,0.8684868444
3.32,0.8717210579
3.33,0.7470789026
3.34,0.6499929791
3.35,1.0139712521
3.36,0.8654436799
3.37,1.1887474669
3.38,0.9444393798
3.39,0.8964858422
3.4,1.1914771076
3.41,0.5504737927
3.42,0.6355399968
3.43,0.3198281554
3.44,0.6163265686
3.45,0.8968899412
3.46,0.4748542658
3.47,0.4961622833
3.48,0.5440685542
3.49,0.3780529248
3.5,0.8161539996
3.51,1.1075841283
3.52,0.3949174933
3.53,0.5079067844
3.54,0.5128924411
3.55,0.7891718059
3.56,1.3141589131
3.57,0.7590010217
3.58,0.6357441067
3.59,0.5167484777
3.6,0.6736564684
3.61,1.2186188032
3.62,0.9298319911
3.63,1.4130380026
3.64,0.5335751832
3.65,0.9094862706
3.66,1.3610748765
3.67,1.2581029496
3.68,1.1219334064
3.69,1.2140188585
3.7,1.3445788406
3.71,0.5487224118
3.72,0.6628761017
3.73,1.4441316586
3.74,0.5249495001
3.75,0.4978217796
3.76,1.340028811
3.77,0.8837302724
3.78,1.3867064784
3.79,0.6700644106
3.8,0.4943529013
3.81,1.4081429096
3.82,0.8631375704
3.83,0.5096059817
3.84,0.951696498
3.85,0.6805129043
3.86,1.2085768011
3.87,0.820436135
3.88,1.3120915389
3.89,0.9497845253
3.9,0.8980794264
3.91,1.4141584633
3.92,0.7814850841
3.93,1.2000488977
3.94,1.0971977173
3.95,1.0024341323
3.96,0.9621929615
3.97,0.916662989
3.98,0.564634418
3.99,1.2809401725
4,1.3115874749
4.01,0.9681699446
4.02,0.8442409145
4.03,0.9616698478
4.04,1.3445073719
4.05,0.9716809756
4.06,1.1314141618
4.07,0.9512784358
4.08,1.4301996584
4.09,1.2948277715
4.1,1.0496727329
4.11,1.1322822525
4.12,1.1909626803
4.13,0.7043414181
4.14,0.8905157844
4.15,0.7924682596
4.16,0.472016074
4.17,0.9348975628
4.18,0.5112091797
4.19,1.0156552848
4.2,1.3147905383
4.21,0.8987368746
4.22,0.808842564
4.23,1.1837061487
4.24,0.8305957321
4.25,0.4223145641
4.26,0.7247014304
4.27,1.0382103449
4.28,0.5196947363
4.29,0.9464541167
4.3,0.6778837885
4.31,0.4564331016
4.32,0.6077275288
4.33,0.5042352795
4.34,1.071613648
4.35,0.6704842922
4.36,0.8903667431
4.37,0.6318200789
4.38,1.1036288829
4.39,1.171006844
4.4,1.1541124242
4.41,1.244054246
4.42,1.1278862434
4.43,0.6131128225
4.44,0.8158726751
4.45,0.4602336499
4.46,0.8052010669
4.47,0.3947353087
4.48,0.4210583339
4.49,0.8128974485
4.5,0.2177954504
4.51,0.8689667348
4.52,1.1723247068
4.53,0.2001524899
4.54,0.3779346795
4.55,0.3892862386
4.56,0.5949794623
4.57,0.403928334
4.58,0.6959473351
4.59,1.0081243591
4.6,0.7210057447
4.61,1.0845206992
4.62,0.89265474
4.63,0.727825488
4.64,0.9986487361
4.65,0.8331068924
4.66,0.2616413534
4.67,1.0133652448
4.68,0.1562620906
4.69,0.4539667517
4.7,0.0162650366
4.71,0.9238490985
4.72,0.0866834322
4.73,0.5541530498
4.74,0.8599213073
4.75,0.8279489497
4.76,0.5855097184
4.77,0.0333148807
4.78,0.6218860601
4.79,0.1268713044
4.8,0.6345607128
4.81,0.1088942046
4.82,0.8511575096
4.83,0.3606850458
4.84,0.11567936
4.85,0.1651417741
4.86,0.3357525769
4.87,0.7592801799
4.88,0.0727226286
4.89,0.284726074
4.9,0.2660498958
4.91,0.0916261103
4.92,-0.1050453106
4.93,0.5025956458
4.94,-0.1223006771
4.95,0.4821656221
4.96,0.6984955937
4.97,0.1646674728
4.98,-0.1148913954
4.99,0.2399099274
5,0.3632898262
4.9928655638,0.0889845488
4.9895524643,0.6922478781
4.9880753137,0.6206164647
4.9875001116,-0.0664238511
4.9822229575,0.4685914268
4.9759138075,0.2804079668
4.970396401,0.211550291
4.9606825665,-0.209554779
4.9546833738,-0.109792043
4.9484103923,0.5605175724
4.9430408632,0.5780088347
4.942139959,0.4915598565
4.9400430849,-0.087974797
4.9336138785,0.5158982896
4.9266174397,0.1772195984
4.9265512489,0.5735061896
4.9221690737,-0.1216255485
4.913125108,0.5588876965
4.904488831,0.7783133246
4.897640935,-0.1325490318
4.8923204323,0.7130789427
4.887517027,0.1024143098
4.878424389,0.6421833223
4.876081727,0.3103638937
4.8668480265,0.2806573891
4.8628121737,0.446877073
4.8573405146,0.6196346212
4.8535223511,-0.0732543609
4.8449909444,-0.1287612453
4.8380919026,0.4239774723
4.8376139797,0.0908489657
4.8289067951,-0.0018213584
4.8189445655,0.2624057065
4.8151828753,0.1402234993
4.8130517234,0.0919163166
4.8129780925,0.1302883347
4.8126870256,0.786626396
4.8033121527,0.6487271657
4.7983447088,0.4450016985
4.7903072972,0.7419171912
4.7867758488,0.3832979936
4.7841850017,0.7149160766
4.781295873,0.8802002426
4.7772530669,-0.0085174475
4.7726912912,0.1619970643
4.7633057589,0.2338473161
4.7620264235,0.7108488201
4.7552135608,0.3463587753
4.7506895848,0.6038218214
4.7433661573,0.8276410632
4.7392187974,0.8092833198
4.7294122563,0.1821787055
4.7218981205,0.5010758396
4.7211993763,0.5416655647
4.7167492671,0.8862045667
4.7140409038,0.0505849259
4.713084538,0.6266695847
4.7044666792,0.4375763206
4.7025085881,0.9394585396
4.6963168211,0.9176145899
4.6879977045,0.5000007115
4.6842076684,0.4703199379
4.6794812501,0.793087461
4.6769289569,0.4112935126
4.6681097448,0.7728195295
4.660114565,0.1921630338
4.6558290315,0.3643765919
4.6526428493,0.0914020928
4.6486312804,0.7932721439
4.6409653123,0.9429559958
4.635456582,0.4241908273
4.6256941039,0.4260770529
4.6214809321,0.3486762561
4.6192652954,0.1618770477
4.6178623077,0.0977668964
4.615290814,1.0118502445
4.6120830836,0.7106331597
4.6058710427,1.0160941182
4.5992968401,0.1399985286
4.5985450233,0.5401993458
4.5959914294,0.9400073201
4.5871735145,0.9925932548
4.5809153454,0.2616862471
4.5746181541,0.5283751291
4.5659776089,0.5441506971
4.5616282046,0.8577964523
4.552207346,0.4019805821
4.5453044155,0.6643175869
4.5372587968,0.7841298932
4.5305768258,1.1387861297
4.5305661265,0.6102789529
4.5284702339,0.6847440007
4.5224249375,1.1228440482
4.5203969633,0.4403052486
4.5119292696,0.2273198753
4.5049397476,0.9671851602
4.5038192738,1.1638528109
4.502935694,0.5732910645
4.4968844715,0.4847854738
4.4953063475,0.2609684444
4.487565909,0.3689104968
4.4820845676,0.8293883528
4.4786800626,1.0933468969
4.4736225051,1.1111632141
4.4721845162,0.4180752781
4.4712270977,0.3392535865
4.4639097229,1.1479775011
4.45853073,0.6006665697
4.4539554617,0.4201241588
4.4521172505,0.9022009796
4.450261817,0.447149094
4.4452723698,0.653444183
4.4392022129,0.3747230637
4.4339643786,0.5514949556
4.4284653835,1.1484719506
4.4204155882,0.3680830069
4.4134976777,1.2164858562
4.4056003585,0.9049167161
4.3970271086,0.9579770169
4.3906379901,0.7829662706
4.3819615706,0.9357430666
4.374482347,0.8147287094
4.3647169124,0.8470193538
4.3637562492,1.0795522687
4.3539608467,0.938979555
4.3444000547,1.1110019613
4.3392471479,0.4232541318
4.3382129073,1.2270603903
4.3347972461,0.9365708346
4.3319073607,1.1240318986
4.3303699381,0.9853054402
4.3250002928,0.8355615246
4.3196506993,0.5547069461
4.311292584,1.0673877589
4.3110590692,0.3737404934
4.3077379335,1.266802291
4.3004178564,1.0822776665
4.2979650219,1.3535968794
4.2918448155,1.215384035
4.2907760275,0.5202382474
4.2814819706,1.2619291746
4.2752175744,0.9564558239
4.2715426017,0.9023614955
4.2633362558,0.6503543232
4.2566946458,0.6712616214
4.2559535166,0.8660669261
4.2485917087,0.7114255832
4.2468451862,0.6569787051
4.2444055415,1.3084387713
4.2424436138,1.3133959323
4.239117092,0.6431236332
4.2354563415,1.2139817379
4.2350715281,0.6803563525
4.2254184161,0.894305812
4.2238892535,0.9321881982
4.2182811192,1.1900372527
4.210089439,0.5345971553
4.2023938413,1.0476561617
4.1950676268,1.2851054718
4.1915857003,0.5170349676
4.1834909699,1.080375784
4.1813156363,1.3030154664
4.1745838075,0.7343834438
4.1683081217,1.3140109268
4.1646955499,1.3039664123
4.1559822369,0.5606142244
4.1502858614,1.0244078123
4.1432758147,0.7652312545
4.138957678,0.853560257
4.1315371146,0.6602779369
4.1289581433,0.7692936148
4.123050807,0.4801532173
4.1176891529,0.8777351328
4.1167994629,0.6016083121
4.113144734,0.6371000518
4.1102684408,1.2317433483
4.1031614526,1.2971700971
4.1020674324,0.8251441766
4.1018399477,0.5304473818
4.0987425337,1.1453323859
4.0916561211,1.4462859727
4.0831280652,1.0616535874
4.0734702515,0.7747387992
4.067389659,1.2347461538
4.0611983723,0.9996981746
4.0570395008,0.7249833274
4.0524088362,1.2264364253
4.0489310887,1.192654293
4.0393694482,1.3503540854
4.037892802,1.2894742868
4.0298038993,0.8742045473
4.0260090052,1.4464575587
4.0163420962,1.4907561211
4.0086329298,0.6102615177
4.0035291257,0.6721235277
3.9957279902,1.3257520585
3.9893408033,1.0395635655
3.982110207,0.5464447368
3.9803236326,0.841262564
3.97738606,1.1608145618
3.975576936,0.7131421352
3.9739916686,0.6644855086
3.9721459116,1.3993054326
3.969392485,0.7479714497
3.968920375,0.5395841678
3.9607047806,1.3457444322
3.9591359848,0.7667639652
3.9555486361,0.8193216428
3.9473707743,0.5679931945
3.9465604891,1.2590676369
3.9415182744,0.5628129108
3.9333865179,0.5843582096
3.9277058958,0.9201274375
3.9260956922,0.8358800129
3.9161242595,0.7550719822
3.9153814725,1.04812956
3.909254931,1.3323373655
3.9047226439,0.8365955485
3.8991969746,0.9316699153
3.8991399314,1.1052332778
3.891755336,0.5912040179
3.8883792671,0.5318550935
3.8843212089,0.8472593679
3.8744558124,0.6887563236
3.8690951492,1.1445033582
3.865164231,1.0829873567
3.8595368737,1.2123607463
3.8577455499,0.8256576606
3.8554356566,0.794115131
3.8536810457,0.5577584514
3.8463981666,1.4148896754
3.839751046,0.9243587275
3.8362430422,1.0719560039
3.8351324632,1.1171663396
3.8288027551,1.4046716353
3.8204875955,0.5664609372
3.8154620032,0.6141760538
3.8063959127,0.4954229043
3.7975621685,1.1417252764
3.7878308315,0.6325522405
3.7819337185,1.4630297911
3.7812889243,1.3300142455
3.7766183917,0.7324171449
3.7722095817,1.1203893579
3.7656675061,0.7181764709
3.7656205418,1.0067900447
3.7580157121,0.6253734879
3.7483916507,1.4153467197
3.7467652276,1.3266054919
3.7454559912,0.7342313386
3.7413990695,1.4230754789
3.7317574135,0.6572198843
3.729225115,0.7722730324
3.7243377652,1.4472074256
3.7159750419,0.4565237614
3.7125084125,0.63796365
3.7101808517,1.371668899
3.7026747943,0.6679583671
3.6986798993,0.4607724487
3.6903490221,0.8186624147
3.6804095267,0.7449041638
3.6801083774,0.8986643171
3.6749021301,0.8924495425
3.6670556726,0.6542909101
3.6613610524,0.760934415
3.6559705817,0.50700344
3.6544524777,0.5466342011
3.6540859983,0.8553113935
3.6520016019,0.8673302236
3.6512037346,1.3209238977
3.6465542054,0.625213468
3.6440761402,0.486737694
3.6438616069,1.1175195337
3.6366923358,1.2665061695
3.6341580231,1.3148111872
3.6311182017,1.0649496886
3.6238323411,0.4291500788
3.6186968636,1.0499204136
3.6131749474,1.3134160332
3.6128450644,0.8221030053
3.6056662134,0.4273938403
3.6031770878,0.995846112
3.5936092036,0.8358721775
3.5898815876,0.6842879244
3.5839778754,0.8033688969
3.5811018027,0.6472154443
3.574376429,1.0745566959
3.5701090066,0.487867236
3.5654809893,1.2066832043
3.5624159294,0.4930535474
3.5563110368,1.0893136089
3.5527939999,0.5217445801
3.5469940723,0.7735157731
3.5414582718,0.9471315208
3.5352069914,1.3046804643
3.5307604257,1.1846344434
3.5208422431,0.9987843528
3.5168553505,1.1388190199
3.5073343514,0.7368661694
3.4990028949,0.4288064262
3.4987122873,0.8069820483
3.4922261111,1.0096175645
3.4913059422,0.3677986807
3.484774933,1.1111952741
3.479681327,0.5740954671
3.478034188,0.6861095325
3.4767244313,0.5426333446
3.4668940662,0.6307924066
3.4636922692,0.6319453473
3.4584902361,1.1784136715
3.4570808633,0.7288234434
3.455669711,0.538860297
3.4493509236,0.8139986322
3.4462086334,1.1172796702
3.4439653849,0.3592844891
3.4426952584,0.9486099428
3.4392302047,1.2181656019
3.4322855694,0.4950392785
3.4259500214,0.2729485037
3.4238378136,1.1514282299
3.4156441217,0.8899731014
3.4143276153,0.7950299028
3.4121224137,0.4999799834
3.4077443511,0.2997672745
3.4029437488,0.2761850672
3.393890761,0.6929141017
3.3899589004,0.6244890928
3.3806070706,0.9290189015
3.3731684727,0.8926326612
3.3637240696,0.4960484977
3.3584167185,1.0398085833
3.3520429481,0.550720713
3.3502164992,0.4758293552
3.3475720083,1.1381163767
3.3429113894,0.7939271546
3.340428427,0.8726910149
3.3307806397,0.5959202849
3.3304406823,1.1786834166
3.3268266518,0.4127869065
3.320407871,0.9148366052
3.3130168784,0.6391330475
3.3082598705,0.4986724695
3.2988989476,0.7480050121
3.293218207,1.108421938
3.2889525832,0.3195557416
3.280358273,0.8937008938
3.2786873191,1.003332436
3.2749653337,0.3603936984
3.27132319,0.4598071942
3.2638454026,0.27503926
3.2542744681,0.1413850603
3.2452836889,0.2326293274
3.2442893432,0.7489441188
3.2385541818,0.6498668045
3.2324413371,0.2558305754
3.2226887356,0.8773161754
3.2183936639,0.4104366846
3.2089599433,0.8583100856
3.2057506431,0.2805820545
3.2007584648,0.5355154994
3.1943254152,0.1284488197
3.1843960324,0.3111996571
3.1785605721,0.678142554
3.1712938917,0.1487882363
3.1658010215,0.7722023947
3.1576003412,0.3086194434
3.14774067,0.5662500231
3.1419965155,0.8631159086
3.1409526596,0.4139595767
3.1368122625,0.2329013147
3.1299298804,0.6749538997
3.1202585316,0.0468728785
3.1193832797,0.5119172412
3.1122231605,0.4291582212
3.1031420609,0.7868345931
3.1004410328,0.5450638974
3.0936385529,0.5016442833
3.0858135319,0.8951438842
3.0823689833,0.8284228492
3.0756914319,0.0679017263
3.0701775693,0.2444863697
3.0603176639,0.3795340428
3.0507024947,-0.0668985505
3.0492126057,0.2829621768
3.0439194668,0.4497333867
3.0372223716,-0.0181736387
3.0368691975,0.4638469352
3.0285685659,-0.0984723035
3.0265163227,0.3085043165
3.0250370667,0.7623744235
3.0244240745,0.2974333822
3.0196108002,0.8745481515
3.0170834636,0.6612413894
3.0073796084,0.7620701635
3.0032069096,0.0850290976
2.9984411608,0.1251289149
2.9965532629,0.3502106261
2.9876305849,-0.0636478227
2.9826825917,0.2154982627
2.9796196905,0.1459335439
2.9715322296,0.5866835378
2.9654730995,0.2832381211
2.9635838137,0.480575438
2.9579269391,0.6791579989
2.9526589122,0.4545681108
2.9434655675,0.090156284
2.9356307225,0.4867549596
2.9294353979,0.3913856874
2.9265254607,0.7374367872
2.9241936031,-0.0540192858
2.915537252,0.5047189428
2.9091390973,-0.0227859521
2.9002918781,-0.215507274
2.8927601566,-0.1648491716
2.8905590653,0.4186056466
2.8884878876,0.584733952
2.8852189517,-0.1941895483
2.8772904689,0.598880477
2.8735253541,-0.1629176776
2.8732043524,-0.0140781598
2.8677945683,0.6160593758
2.8619625793,-0.2463162617
2.8591701463,0.2160600293
2.8501544084,-0.1641207222
2.8406744411,0.1888170671
2.8351143438,0.5138487241
2.8267246744,-0.18041184
2.8255977252,0.4770515528
2.820090314,-0.2581152019
2.8172923789,0.4701994941
2.8075174379,0.044185299
2.7991432207,0.1231613157
2.7909536555,0.5714213528
2.7852583657,0.0755047776
2.7793399111,0.6485056448
2.7733448242,0.1730335835
2.7706049824,0.3684826958
2.7620686431,-0.283232164
2.7555151426,0.6454137408
2.748658487,-0.1122899842
2.7447102852,0.1322499525
2.737941954,-0.2870130029
2.7335184516,0.2850409583
2.7291681655,-0.1843406377
2.724706982,0.4378801146
2.7148703927,-0.0257590722
2.7063043105,-0.2829494026
2.7059187445,0.1128061523
2.7057775632,0.6103212478
2.7051198005,0.1520259249
2.7049636912,0.5363004761
2.7025967097,0.162687822
2.6952898785,0.5941990082
2.6930429527,-0.320951321
2.6928843294,-0.2069123128
2.6912054835,0.4434270866
2.6826951509,0.3882407637
2.6735538168,0.0432861152
2.6647660184,0.1265991695
2.6625801327,0.4092092937
2.6581080267,0.072957079
2.6546876549,0.2827320386
2.6457660482,0.0590461364
2.6421981502,-0.1312661014
2.636270571,0.2397993185
2.6340114503,0.4403481691
2.6262599654,0.0131417969
2.6261613597,-0.3945984571
2.6228747244,-0.2070397938
2.6134330745,0.4815873913
2.6048928171,-0.2136102788
2.5949696456,-0.211956835
2.5910959439,-0.1050490348
2.5897284905,-0.311080704
2.5830639828,-0.409605872
2.5808405662,-0.1361071692
2.5739661238,-0.0856975716
2.571736474,0.1218701279
2.561902916,0.5309197393
2.5578454783,0.35068738
2.5519174167,-0.37356842
2.5422247904,0.0501698066
2.5396564663,0.0561679571
2.5337416082,0.1478595368
2.5310796297,0.4800792719
2.5219103129,-0.0024248374
2.5154768691,0.3433058399
2.5067268882,-0.0765899131
2.50016166,0.3806542053
2.4916521817,-0.2008905
2.4827529387,-0.087811023
2.4791619213,-0.2248772211
2.4745996688,-0.1861250173
2.4716931454,0.4662200893
2.461899154,0.3545951074
2.4591342435,-0.3538369719
2.4495864722,0.4205811334
2.4444960544,-0.1585096734
2.4388427929,-0.1459446961
2.4296800735,0.0266510781
2.4199140446,-0.3288713238
2.4196723389,-0.0168555375
2.4186131282,0.1861563932
2.4178951417,-0.0587140642
2.4146541636,0.1389498281
2.4085640412,0.1609224378
2.4004419489,0.250921719
2.3935645243,-0.3894027969
2.3903211757,-0.3506251234
2.3875273276,-0.1445124317
2.386505759,-0.1852182568
2.382024651,-0.4256694725
2.3731948534,-0.4242200325
2.370531045,-0.3515146522
2.367837835,0.4123830309
2.3673441517,-0.4767172518
2.3666204724,-0.3660784336
2.358937495,-0.056342992
2.3577212055,-0.1274376577
2.35364085,-0.1966613413
2.3450181956,-0.255045644
2.343443846,0.1259706648
2.3393717673,-0.0138703936
2.3351726595,-0.0799877582
2.3314127052,-0.49919887
2.3214336468,0.0627498374
2.3210749892,0.4169873827
2.320893316,-0.1284306385
2.3113393186,0.1447074209
2.3103980078,-0.0735513147
2.3082306349,0.0954586604
2.3051648085,0.063551677
2.2978423059,0.3973248562
2.2958728186,0.1723905435
2.2901660248,-0.2717483967
2.2865869809,-0.1325307843
2.2830303805,-0.3708292551
2.2785116555,0.3414544491
2.2767597628,0.284356436
2.2706505328,0.4797613074
2.2640805547,-0.2669686439
2.263788184,-0.1907137955
2.2575781317,0.1263648382
2.2492855615,-0.4800482388
2.2446222043,0.3995649227
2.2375834854,-0.2308903515
2.2345229074,0.0534016809
2.227654396,-0.1729411019
2.219664972,-0.2404342576
2.2154414068,0.0102059667
2.2151331149,0.1099028396
2.2052153189,0.4455112207
2.2024269207,0.4621115114
2.1950676543,-0.3376239203
2.1921682323,-0.3002687875
2.1901939523,-0.2929562442
2.1873856643,-0.1068161678
2.1830806651,0.3023717858
2.1826819697,-0.2128005319
2.1737767474,-0.3974332585
2.1708930924,0.0346441609
2.1699035726,0.3150320234
2.1628294216,-0.3069812768
2.1561912857,0.1215918934
2.1473732225,-0.1484304788
2.1380575171,0.2736487595
2.1281820566,-0.3705795695
2.1260470448,0.050029115
2.1231367445,0.0150237598
2.1219746965,0.2664714578
2.1218597026,0.322070982
2.1128298111,0.0449475612
2.1068077146,-0.2703231116
2.0988539653,-0.3441774723
2.0899963657,0.2377641124
2.0824855087,0.0967472545
2.0808664772,0.3793138717
2.0785211725,0.1564722986
2.0705924341,0.4004870899
2.0610142852,0.2866390034
2.0540130795,0.5323824314
2.0534082669,-0.1370677562
2.0518348094,-0.073030741
2.0510024458,0.2753430998
2.0461396071,0.3817076348
2.0402381398,-0.0317806753
2.0330218166,0.208490517
2.0260695005,0.4740345543
2.0239985736,0.0809504717
2.0178674224,0.4593673148
2.0161523116,-0.1745240019
2.0131260634,-0.1532034442
2.0094007354,-0.3626727132
2.0076947664,0.1536982202
2.0076802673,0.4512437088
2.0022991179,0.1566560493
1.9965499922,0.4966585194
1.9925070212,0.1520332435
1.9854090865,0.4423273725
1.9825916541,-0.2896553088
1.9825432795,0.2404099487
1.9736856912,0.5414811379
1.9650300869,0.1662259747
1.9637841574,-0.0396240364
1.9578989544,0.10818559
1.9484664998,0.4422996662
1.9408127222,-0.0348670178
1.9330064806,0.6543020547
1.9293030148,0.1228040867
1.9246003449,0.3555801907
1.9163589449,-0.0366130612
1.9084403576,0.2706907656
1.9036699943,0.428287229
1.8973453836,0.6581746315
1.8880851551,0.6004720494
1.8875673272,-0.1452623165
1.8791311281,0.6844386876
1.8698354257,0.3520816307
1.8609824636,0.5193748734
1.8526256204,0.3262807591
1.8495614862,0.603634752
1.847545111,0.064043788
1.8465693949,0.141039467
1.8379766904,0.1658438795
1.8373742775,0.5958701659
1.8359638361,0.7003856523
1.8291225375,-0.0420556696
1.8281415578,0.4487427086
1.8263600662,0.4890619435
1.8204832884,0.7060785328
1.8168262633,0.756336301
1.8090809356,0.3784453171
1.8070575525,0.248387096
1.7991111762,0.581052069
1.7953457997,0.0193811994
1.7904331447,0.5032459756
1.7808733228,0.6582267201
1.772906875,0.1427757183
1.7684801577,0.595480541
1.7640109384,0.0233217757
1.7626268314,0.244284638
1.7559161556,0.2980472468
1.7490811174,0.1226499562
1.7420177213,0.6232045594
1.7417845234,0.7920933021
1.7359601304,0.2098588683
1.7349714905,0.2353741465
1.7306243697,0.2295704201
1.7246717991,0.5515356315
1.7167458407,0.2055449519
1.7138682445,0.2383984873
1.7116027426,0.2028551704
1.7095149731,0.2738170857
1.7086394856,0.5060902925
1.7054492306,0.5610575148
1.7021588896,0.2129468992
1.6990727586,0.8058996533
1.6983414095,0.7743408318
1.6886273446,0.085934507
1.6879150794,0.4299596806
1.6793682216,0.4749248804
1.6781194576,0.6963791073
1.6766577373,0.3443649721
1.6667640762,-0.0775437644
1.6656422147,-0.0388016852
1.6582729046,0.5180158035
1.6503326898,0.3330802743
1.6426771571,0.9048860699
1.6391120295,0.8969583188
1.630449092,0.8576097277
1.6248036604,0.4633903199
1.6190776796,0.7322358108
1.6144321207,0.0251655783
1.6088897886,0.9469761595
1.6061364549,0.3898171134
1.604363848,0.2833854479
1.5968940603,0.2212405457
1.5912956855,0.510053227
1.585272629,0.7637724083
1.5772419787,0.0281085529
1.5704396778,0.9604229234
1.5635740159,0.9843399595
1.558654099,0.0457815635
1.5561082767,0.3580690215
1.5486298951,0.8233412395
1.543506775,0.7913783594
1.5349438831,0.2441216871
1.5285218266,0.2150583034
1.5211812113,0.1915346872
1.513360197,0.3441387706
1.5104315931,0.6299503808
1.5066645842,0.4146663317
1.5008748673,0.3704855665
1.49105766,0.4247895664
1.4825516917,0.8255418655
1.4824817836,0.6937675831
1.4773306856,0.6886011092
1.469235342,0.3397952619
1.4643123307,0.5007126699
1.455755585,0.8390344595
1.4458879481,0.7442837531
1.4396055236,0.2894988147
1.4329186078,0.4165180994
1.4268451808,1.0510091641
1.4233029957,0.9160854373
1.4209726958,0.1884307229
1.4201500073,1.0221226702
1.4182919623,0.3265885465
1.412530423,0.196801771
1.4057933367,0.5290535804
1.3968450875,0.9519313492
1.390138375,0.5616097486
1.3830319987,0.2866823905
1.3815711695,0.2923301779
1.3778096732,0.7569235393
1.3737365111,0.6036977365
1.3651836295,0.6568570128
1.3634861814,0.2406982415
1.3604723154,0.3313653177
1.3563436679,0.7070207326
1.3523813886,1.0661033884
1.3481849316,0.5322697007
1.3443587909,0.4641092626
1.3438686981,0.7760358161
1.3435899635,0.8435002677
1.3412820647,1.0547040734
1.3401392068,0.5745566853
1.3393214538,0.7869334878
1.3303426702,0.9180967472
1.3279543558,0.5052792785
1.3226790739,0.6526738957
1.3135839159,0.247832875
1.3121518153,0.9329420868
1.3042955309,0.9726168692
1.3026801448,0.7000692921
1.2992192471,0.4056160703
1.2986463259,0.3806563628
1.28916407,0.8772424923
1.2865219052,0.9235106398
1.2805135681,0.4062706123
1.2803252165,0.7787134933
1.2795483542,0.7114527662
1.2786045775,0.4437199535
1.2689634115,0.6068888976
1.2648555014,1.1944402547
1.2583330571,1.035739058
1.2528097151,0.4017857104
1.252249151,0.7396206223
1.2429329205,0.5375530671
1.2378496274,1.2148997484
1.2350263951,1.0374669505
1.2274116331,0.5229415274
1.2226988462,0.6400124427
1.2202655576,0.3560648762
1.2167485947,1.0640384599
1.2104310423,0.4548858646
1.2055734114,0.4247209061
1.1967807015,0.848947708
1.1912085639,0.9159717303
1.1853760158,1.21780596
1.1763869334,1.3248595233
1.1710094724,0.9682426625
1.1682009766,0.6757522488
1.1599184148,1.2178457897
1.1503639109,1.1727371094
1.1407179721,1.015380244
1.133965772,1.2613798588
1.1329424904,0.9926179594
1.128273003,0.3907234805
1.1210353023,1.1707724341
1.1204247181,0.8351853394
1.1108541542,0.6681592706
1.1016787961,1.0803564014
1.0961516771,0.4249456772
1.0947556281,0.9602456396
1.0909718432,0.7505606335
1.0890832398,1.1808738203
1.0848625119,0.880672476
1.080530824,0.8002281704
1.0779968116,0.8395570398
1.0746938437,0.7421680596
1.0714242152,0.663995684
1.0680848456,0.6537805015
1.0666094204,1.0091171642
1.0640701759,0.7101854056
1.0589302002,0.6096255051
1.0575738453,0.7577600904
1.0541870601,1.0882579877
1.0504619147,1.2549899848
1.0487648753,0.8201521088
1.0425190139,0.5741450695
1.0377217744,1.2164774269
1.0285166432,0.8673050894
1.0284180794,1.0832389452
1.0274729914,0.8835257723
1.0216062839,0.7506007958
1.0214208972,0.6864276711
1.021124526,0.9729691764
1.0176448143,0.9866269488
1.0111939906,1.3155236012
1.007672247,1.0102112335
0.9998326273,0.4774489825
0.9937747992,0.8913029445
0.9926455248,1.1564615071
0.992311748,1.2716817431
0.9912337368,0.9374252053
0.9888686269,1.2058525683
0.9839380122,0.9277629612
0.9822282845,0.8542421605
0.972631638,1.0242051544
0.9704018788,0.5351796673
0.9609748896,1.4127834019
0.9609174623,1.1210288098
0.9597011136,1.3603981773
0.9506464809,0.7766207753
0.9495830556,0.6542589813
0.9490596987,1.3556164092
0.9403676005,0.5376426042
0.9318372113,1.0420959392
0.9238696167,1.0580958734
0.9231749691,0.7578812564
0.9193679149,0.4881591777
0.917368281,0.8477014488
0.9074332099,0.68926935
0.902322647,1.2290947508
0.8936886255,1.2873185645
0.8838428901,1.0847297633
0.8812563035,1.3765578456
0.8801596043,1.2149498036
0.8784187073,0.8494042362
0.8740972855,1.2534979771
0.8699110735,0.7891778393
0.8642493349,1.4267820941
0.8607731796,1.2152856069
0.8509639445,0.6144217789
0.847782673,1.1568398047
0.8421454104,1.471945292
0.8377661989,0.7095146105
0.8340604726,1.2867795929
0.8315714574,0.9566588257
0.8272011123,0.8503255678
0.8220419293,0.554853637
0.8189529324,0.861667149
0.8156437345,1.2376268238
0.8130736644,0.9782233536
0.8099322514,1.3085144
0.8078988171,1.4150431883
0.7992557751,0.5119206112
0.7908492629,0.6691728749
0.783810815,0.5072887889
0.781381619,1.2982634923
0.77901328,0.6260507627
0.7731069744,0.6577390231
0.766109368,0.986869588
0.7659454165,0.5460293165
0.7614473444,0.7501878197
0.7585908184,1.2539602002
0.7585669538,0.705457307
0.7549571162,0.6197687752
0.7508645795,1.2654929108
0.7484891864,1.4405727035
0.7481349903,1.2622752459
0.7458715314,1.4265451862
0.7392017607,0.8533269682
0.7375361533,0.953078459
0.7308586847,1.4629954102
0.725176382,0.934129746
0.7198619563,1.4402761705
0.7134235422,1.1629356147
0.7119375901,0.7123824751
0.7034055012,0.854847646
0.7002971925,1.1890746123
0.6924615296,1.1621932104
0.6855063018,0.6807406198
0.6833731314,1.1065464046
0.6768523882,0.9366426227
0.6709639417,1.1503595965
0.6690443827,0.645767484
0.6612703433,0.562487282
0.6603923662,1.3557304685
0.6516698763,1.1992925768
0.6468174735,1.4683610895
0.6410088312,1.0150294992
0.6324748378,0.9945847025
0.6261157292,1.3964501274
0.6211329445,0.7983504222
0.6171096091,1.4071480522
0.6153111928,1.0453751359
0.6066178442,1.2781516059
0.6032736792,0.669583204
0.5992405392,1.3290968079
0.5933314024,0.8672789317
0.5929488799,0.7306371964
0.5901736568,0.881288537
0.5848019113,0.5961856241
0.5819794591,0.4702105386
0.5755990143,0.5195971006
0.5685073665,0.9215892353
0.5590512545,1.1714430318
0.5547452221,0.5636034265
0.5504541549,0.9173264555
0.5464568083,0.6816090949
0.5397438754,0.8391543834
0.5329752781,1.0555870977
0.5267467907,0.5189783772
0.5183794692,0.43306478
0.5136005336,0.8832975039
0.503622327,0.8185029388
0.4962408533,1.2480832394
0.487892737,1.0549667608
0.4847187846,0.7173946025
0.476736047,1.0365059789
0.4709766014,0.73113411
0.4634855927,0.6464680952
0.463463585,0.8091825542
0.4575859672,0.5308761598
0.4492265857,0.5409791259
0.4482261799,0.5480783642
0.4429158882,0.9598813751
0.4406162379,1.2967897295
0.4366356997,1.2015774188
0.4334324026,1.3610578907
0.4304716004,0.6325554329
0.4268348491,0.873741051
0.4258269626,0.7333441399
0.4188619436,0.6395602061
0.4121330504,0.6636704774
0.4045537518,0.5284255893
0.3988617664,1.0175485261
0.3919330736,0.8980963856
0.3877467171,1.061145496
0.3875657926,0.9304977706
0.384926389,1.2328976402
0.3767098091,1.2334557852
0.3748145887,1.1388475895
0.3714405672,0.6547358982
0.3663749455,1.2718905631
0.3618036373,0.8305975677
0.3555851018,0.8658910962
0.3501025196,0.5377834837
0.3485545719,0.8769596558
0.3463193094,0.7738634534
0.3384627643,1.1595910797
0.3320810218,1.0574646459
0.3227085574,1.2879791806
0.3218879646,1.2008442296
0.3200703773,0.6928813743
0.31726822,1.2221593957
0.3132160722,0.9245063003
0.305299153,0.3209419355
0.2988068667,0.9252456493
0.2971529128,0.4817623491
0.296981768,0.8285811681
0.2911757228,1.0012665331
0.2884765574,1.1724861461
0.2796995884,1.1480639914
0.277399489,1.0398500277
0.2728142821,0.903340797
0.2650213863,0.6409756573
0.2592231744,1.2254099626
0.2587999573,0.859570955
0.2503416379,0.4955906285
0.2486224314,1.1194662516
0.2431758036,1.1174550676
0.2367025474,1.192393094
0.2298652275,0.787802639
0.2226393947,1.0094154076
0.2152038127,0.6215863954
0.2092037243,0.4008622251
0.2072829382,0.5706736429
0.1973284247,0.6617382401
0.1934118666,0.2047553009
0.1879554313,0.6363578027
0.1872509898,0.3711902599
0.183408873,0.3545501597
0.18018756,0.2764434702
0.1748981333,0.8716138246
0.1684720026,0.1824515478
0.1623599781,0.3157585558
0.1590152589,0.9478216129
0.1508440636,0.3247562094
0.1444152663,0.5409849648
0.1382911735,0.1534073517
0.1324379736,0.3464740568
0.1271800187,0.7115642288
0.1194603407,0.1648407774
0.1102493901,0.6847099117
0.1081944402,0.7817861041
0.1058263185,0.6413541554
0.0999566853,0.9476847759
0.0956016282,0.1618010572
0.0905588854,0.7382197873
0.0840222357,0.6558435447
0.0820638077,0.3801571776
0.074063753,0.624295673
0.0643361224,0.9285188548
0.0581053005,0.5449403285
0.0562855823,0.7286613801
0.0543263081,0.1564862544
0.0470972311,0.3047441022
0.05090663,0.2637897703
0.0605197653,0.6549178674
0.0649752065,0.3740104002
0.0622008382,0.9832561763
0.0719995887,0.7507436203
0.0733430261,1.0121301627
0.082345578,0.5408227601
0.0761587635,0.495699207
0.0855805218,0.5093639472
0.0881338822,1.0175107303
0.0947359258,0.5116630101
0.0890599773,0.8071426029
0.0838595411,0.4854480728
0.080900149,1.0234336474
0.0785672472,0.083208343
0.080806007,0.3755583128
0.0748937433,0.928642908
0.0666269865,0.2466396177
0.0580978315,0.8417388329
0.049000756,0.2371729707
0.0518676937,0.9817338255
0.0468760856,0.6114971483
0.0462379827,0.6290668488
0.0513188725,0.2181978576
0.0418017379,0.9757647658
0.0413549792,0.5849319016
0.0406759495,0.3814284841
0.0348025801,0.7283660165
0.0417529823,0.9104809665
0.0412282415,0.5873218853
0.0416101319,0.1659759123
0.045502613,0.3773419688
0.0448343715,0.0949668536
0.0527563051,0.5058338903
0.0501002571,0.4308300218
0.0580989212,0.1918090621
0.0504759917,0.5051897323
0.0477091203,0.7267655557
0.043107766,0.6994198203
0.0368010728,0.5199098295
0.044224559,0.2972753304
0.0368763718,1.028916928
0.0383080463,0.3780264371
0.0325916084,0.1189303572
0.0383069532,0.3235045269
0.0440218115,0.3916642803
0.0439449696,0.9996267889
0.0500652179,0.3218530371
0.0480373125,0.3744845509
0.0390404702,0.5216540288
0.0427993017,0.2097719555
0.0386194802,1.028440549
0.0458329857,0.1539116777
0.0469807592,0.3937787566
0.0385528742,0.3222052111
0.0317862842,0.8631468562
0.0239722766,0.4008267929
0.0182596289,0.9523363853
0.0257802137,0.5751420153
0.0227777975,0.6865208763
0.0262880487,0.6796199686
0.0246804526,0.3378435262
0.0235551221,0.4635805043
0.0201179064,0.9814174603
0.0144903413,0.6523167612
0.0161539625,0.713800159
0.0070374785,0.5705892621
0.0045565151,0.1334419456
0.0044708187,0.5829909012
0.0002133924,0.2118211784
0.0043167335,0.6540673131
0.0088894101,0.7898999521
0.0047706507,0.5701072014
-0.0052213339,0.5170741924
-0.0023598684,0.9335479543
-0.0010074072,0.3934105403
-0.0044048707,0.4151992013
0.004618953,0.9158100495
0.0037102676,0.691361948
-0.0025502677,0.6880001562
-0.0114919888,0.2969338341
-0.0017768913,0.3218825885
-0.0098362978,0.0973658322
-0.0041428713,0.7024873573
-0.0070101059,0.0749187333
-0.0022560999,0.6798762863
0.0056552637,0.7253766735
0.0074698392,0.6455689127
0.0145357271,0.7921409782
0.0170571095,0.0492093904
0.0108223561,0.6410111784
0.0184347772,0.8328684235
0.0165089587,0.6573114742
0.018817242,0.4834819206
0.0094629429,0.9802018094
0.0116865176,0.979594541
0.0181095658,0.0235346882
0.026741808,0.2666179262
0.0310547489,0.1190905614
0.0316724303,0.2044743072
0.0348343245,0.4296209692
0.0345994414,0.4629459111
0.0272661825,0.0770222553
0.0263115489,0.1641328898
0.0310855133,0.5976297091
0.034223779,0.5915747328
0.0412510523,0.2610257115
0.0357264331,0.2681077656
0.0346959509,0.6508260959
0.0395518064,0.4370890183
0.0361881699,0.5106937371
0.0353649468,0.8609331047
0.0332517959,0.9993105385
0.0425446713,0.9924972484
0.0339756562,0.3298169918
0.0403404045,0.0428615126
0.0359320737,0.8388129016
0.0343609591,0.4539647156
0.0419873338,0.4890230666
0.0453175029,0.2856184465
0.0543519495,0.4149149227
0.0447062838,0.3177995796
0.0387701444,0.9018954936
0.0451587683,0.5206874891
0.046368229,0.9656789406
0.0462020263,0.4307241029
0.0401598128,0.2920248937
0.0353606972,0.9646676377
0.0344505932,0.5964117847
0.0278049222,0.5406670768
0.0301534537,0.9048361903
0.0400777565,0.494270292
0.0387429346,0.3430863537
0.0330852775,0.3384023002
0.0397775379,0.1976614312
0.0430603983,0.4430437436
0.0343634354,0.64925966
0.0303770542,0.9690306956
0.0361567898,0.3708365249
0.0336693187,0.8688981918
0.0391195216,0.2828620846
0.0424981575,0.3890413574
0.0445039656,0.7327110732
0.036967668,0.603217483
0.0465797067,0.048114199
0.0556954892,0.0628034651
0.0589528937,0.2816632374
0.064941943,0.6322549992
0.0651182709,0.6830118259
0.067251763,0.8046838064
0.0742013855,0.8239312304
0.0747464936,0.4635216546
0.0771818112,0.0945841057
0.078189947,0.746613103
0.0753079542,0.6382011324
0.072236122,0.630561944
0.0767174283,0.2432713753
0.078491163,0.8819393825
0.084643144,0.5467209239
0.0916366353,0.3210589199
0.099785402,1.0932634319
0.090785305,0.0997307469
0.1005314339,1.0018055692
0.1002241321,1.0714841612
0.0959756143,1.0917851991
0.1028323321,0.1884849113
0.0970485518,0.2720216149
0.0908168402,0.7872168225
0.0838085721,0.142964619
0.0890435377,0.5356544406
0.0819514923,0.2248499531
0.0722666673,0.1643105679
0.0721866247,0.7896435578
0.0693977735,0.8405018221
0.0707346226,0.5028499272
0.0675745578,0.2989077057
0.0715683351,1.0230680274
0.0795025175,0.0817581781
0.0712388005,0.6956367235
0.0735683277,0.4816363698
0.0823572027,0.1130106051
0.0876429159,1.0478590808
0.0905617114,0.3646460643
0.0839130041,0.23629269
0.0769914013,0.7132903083
0.0799643468,0.7761737218
0.0742016562,0.1795459066
0.0779393122,0.1672361221
0.0697259229,0.5414298126
0.0648628902,0.8078724519
0.0564795174,0.888849878
0.0529026624,1.0079561554
0.0457810622,0.6033117393
0.055384378,1.0443226639
0.0464380118,0.2173711177
0.0490316581,1.0148678061
0.0393026836,0.3402211885
0.04218671,0.282436479
0.0350202226,0.3133678519
0.0276335562,0.6036834396
0.0194621993,0.1946322024
0.0248442257,1.0096179733
0.0230504067,0.5001160536
0.0324963251,0.8490303318
0.0415932422,0.6090146235
0.0352139415,0.5095615387
0.034558377,0.5492475325
0.0345303323,0.4047320524
0.0362253703,1.0062548086
0.0418372247,0.874569252
0.0412332219,0.7267226162
0.0330200271,0.5621664031
0.0324355687,0.3620681829
0.0416626231,0.7345837189
0.0397816441,0.0913869296
0.0309948893,0.3012883833
0.025906841,0.4528201216
0.0348231717,0.6658089219
0.0266383205,0.0401907109
0.0260643614,0.7175847521
0.0346809697,0.4957663371
0.0322853151,0.8069964526
0.0339009826,0.2734192861
0.0348127886,0.8999441198
0.0327764255,0.9050056912
0.03191746,0.7248455903
0.0241608934,0.3981718622
0.0190292317,0.1519845762
0.0112498864,0.5540682691
0.0154972245,0.5748343649
0.0165715911,0.1396359724
0.0218968333,0.9946768972
0.0197182541,0.4386293313
0.0144529503,0.6707279214
0.0106821339,0.3873918902
0.0014746792,0.7921567972
0.0089953329,0.424957826
0.0030079763,0.1554912834
0.002258575,0.9600912071
0.0120312479,0.4742693851
0.0064008128,0.3206907199
0.0064658179,0.822672451
0.0021137839,0.1512683287
-0.0042449012,0.3057731186
0.0031525861,0.6491997358
-0.0030787529,0.8011962143
0.0043554197,0.1048180376
0.0022416291,0.9731820708
0.0118885591,0.4265593213
0.020316306,0.8821789722
0.0269439241,0.1252430492
0.0261206748,0.389388358
0.0310223373,0.0613635942
0.0291005072,0.5933295061
0.0299451993,0.9018484828
0.0391613533,0.369595533
0.0364246329,0.8267434726
0.035783826,0.9586114414
0.0261220245,0.2901520608
0.0293425983,0.3663285794
0.0245206085,0.6119284116
0.0321879094,0.4337066786
0.0243893697,0.6614337576
0.0291196676,0.3222960119
0.0294330098,0.3449332625
0.0223084673,0.465188979
0.0150893486,0.4482998735
0.0238227691,0.5227880823
0.0221679829,0.3273550588
0.0277434428,0.307444558
0.031262425,0.5721327055
0.0231733216,0.1843113643
0.0183204904,0.1449505832
0.0204962869,0.3343233369
0.0228725537,0.567694249
0.0163693344,0.6632265344
0.0234630602,0.6889562476
0.0152330215,0.4525944579
0.0183868146,0.1680318605
0.0260433109,0.3385140076
0.0211577143,0.0573720906
0.0236169747,0.9037194161
0.0178744801,0.1731754073
0.0223295412,0.3902598532
0.0280667137,0.2984356842
0.0357962172,0.6537288375
0.0402085313,0.4163521456
0.0402834354,0.3317124985
0.0324513631,0.3519693149
0.0315918156,0.2319063065
0.0265064733,0.1099342356
0.033662499,0.2150508932
0.0382034816,0.0903748275
0.0470054416,0.63896017
0.0451173838,0.9848102879
0.0520443007,0.7350154366
0.0525934676,0.3715249954
0.0624216055,0.1912269625
0.0626527667,0.5603630876
0.0714241065,0.874101496
0.0730015083,0.2593509995
0.0765892726,0.9532297859
0.0689804935,0.2406396669
0.0709885022,0.7374483522
0.0797334565,1.0526314435
0.0757953314,0.6345298244
0.0735908209,0.6891002171
0.0783752284,0.1962712038
0.0796863219,0.2563426929
0.0740381134,0.805752581
0.0687179064,0.8849280411
0.0730131204,0.9638851488
0.0640706913,0.3023399516
0.0666387094,1.0094792781
0.0628448998,0.0919680772
0.0655773352,1.0150006544
0.0608640645,0.2978922147
0.0685955041,0.8004823722
0.073088265,0.4114311376
0.0650125058,0.9031562133
0.0696825803,0.5762617149
0.0766140618,0.3503315557
0.0852301823,0.8478280381
0.0872286288,1.0712276613
0.0889817918,0.3033833679
0.0910107059,0.302741458
0.0840283617,0.99569519
0.0820501082,0.5304688394
0.0723179577,0.1785101648
0.0714687628,0.7495067118
0.0723123005,0.8602430332
0.0799464205,0.6654438611
0.0848743898,0.1815468838
0.0869834532,0.8687916742
0.0900904019,0.6504781606
0.0989326818,0.5319736681
0.0934362448,0.3730757421
0.102898041,0.371317892
0.0975706825,0.6750859795
0.1051439912,0.8421721685
0.1042850166,0.5456363394
0.1099176108,0.7729402862
0.1015399135,0.1105901445
0.1070392742,0.8053180576
0.1151594412,0.6229793603
0.1167046559,0.3700679361
0.1261482036,0.3998960649
0.1184806616,0.7574631831
0.1125866343,0.9664605934
0.1223181972,1.032731475
0.1249903389,0.473031715
0.1263940873,0.8113281388
0.1289802029,1.1137136185
0.1358707859,0.6491387162
0.1318669624,0.1306079146
0.1411427336,0.4163091189
0.1404513537,1.0131272097
0.1453593466,0.8558250981
0.152154698,0.8165771856
0.1577384737,1.0435704046
0.1584471502,0.530692718
0.159330951,0.4494145566
0.1540268412,1.1435685271
0.1495186635,0.7735096279
0.1567000862,0.1890911944
0.1556066223,0.8572046787
0.147939008,0.2827295245
0.140476552,1.0147770509
0.139635422,0.7590355232
0.1366160379,0.9916549128
0.1276018807,0.6029387516
0.1296403924,1.0942633603
0.1311770489,0.3392175271
0.129925839,0.2884997812
0.1232572561,0.9873834017
0.1218555704,1.0838810255
0.1313339599,0.4968256221
0.1410478737,0.4105372455
0.1402012548,0.2801542246
0.1318414033,0.7775576896
0.124108301,0.6385051121
0.1218591965,0.9916230968
0.1248989827,0.6421302832
0.128575006,0.7692757273
0.1365242821,0.7095286448
0.1435571548,0.3545005165
0.1463301406,0.8933526581
0.1532139443,0.6917971992
0.1436807348,0.2896107412
0.1498699466,0.4978156177
0.1418829829,1.0976373668
0.1397240079,0.4876729639
0.1376185306,0.3860439673
0.134698017,0.9869497535
0.1308045561,0.8633910071
0.1254171173,0.6639666073
0.1196299318,0.1709613073
0.1251657557,0.5040876502
0.1272542485,0.2167674437
0.1216885286,0.5695365641
0.1285051436,0.9057643724
0.1214673316,0.1737559742
0.1146142676,0.5535365526
0.1055698512,0.3533515717
0.0988990121,0.1099317632
0.1038026947,0.8331707669
0.1053419053,0.9856892765
0.1100604651,0.6356770871
0.1129982524,0.6221093906
0.1040650437,0.3506930073
0.1016472002,0.4562917127
0.0967522947,0.5485770205
0.1050771591,0.1544290923
0.1072834578,0.5128125707
0.1064294128,1.0402499654
0.1081690979,0.7892478488
0.1138350769,0.6389106704
0.1158673581,0.3757708035
0.1164440456,0.6921689001
0.1118443676,0.7718076042
0.1126958892,0.8755468485
0.1188647822,0.9365249067
0.1158364222,0.633161299
0.1145948897,1.0630996392
0.1130133804,0.838734904
0.1184004056,0.3017774059
0.1202653264,0.4198405708
0.1268590053,0.9608566283
0.1312548722,0.4451180667
0.1228797799,0.2904649448
0.1261634798,0.6311402782
0.1286293178,0.151921956
0.1325746915,1.013851776
0.1238711426,0.9718369862
0.1258574973,0.6232364342
0.1313538808,0.1474687265
0.1378098973,0.5887745614
0.1286690943,0.8730842213
0.1356502048,1.0224575498
0.1371747162,0.1817148681
0.1385050977,1.1238118008
0.1335096321,0.924936738
0.1422469991,1.0326187529
0.1425024972,0.6580139363
0.1445667608,0.1954336832
0.1518535376,0.9509146982
0.1549888129,0.1595068213
0.1614382853,0.6401791418
0.1603936366,0.2458635758
0.1587595095,0.1669493688
0.1499633179,1.0783701875
0.1475241953,0.6059403129
0.1514302594,0.6655614119
0.1444463674,0.8700514718
0.147972658,0.6362684382
0.1460013546,0.7557268531
0.1463203767,0.4272255329
0.1483451653,0.5559739195
0.1525418907,0.239341907
0.145038811,0.6994904338
0.1512200481,1.1245874252
0.1549194469,0.4015288699
0.1616412343,0.5670731282
0.1673244855,0.5722586303
0.1591286765,0.1924945902
0.1610404984,0.518887375
0.1584879463,0.837243617
0.1653326948,0.6754627031
0.162245287,0.8714639402
0.1712711401,0.3655188319
0.1800422351,1.1083853122
0.1758729142,0.6341244269
0.180117581,0.2255556197
0.1730847512,0.2194217422
0.1727248626,0.7721612051
0.1825317976,0.8268388194
0.1892602344,0.9580977566
0.190461007,1.0075288107
0.1872467132,0.7577297907
0.1851970187,1.0295367196
0.1848923177,1.0012027067
0.188422104,0.540528274
0.1876813095,0.7419633166
0.1861336267,0.8255498868
0.1882999614,0.6916081578
0.1916421949,0.746612438
0.1997988226,1.1203142084
0.1953628241,0.4297353356
0.2029155394,0.5685063221
0.203508391,0.5293271111
0.2108781815,0.4149948495
0.2137994028,0.3297378349
0.208590117,0.3874875178
0.2127415571,0.7878161584
0.2085902531,0.4272351364
0.2167875789,1.0610527625
0.2132253583,1.0014237547
0.2088105039,0.9306714449
0.2001537162,0.9539945881
0.2040928608,0.2884623372
0.2135248174,0.8437417523
0.204136617,0.685251467
0.2084690485,1.1638991511
0.2044907201,0.6611989415
0.2064229383,0.6356691187
0.2048585702,1.1734027908
0.2103067349,0.7667516211
0.2150237071,0.3734292353
0.2208359423,0.7399427688
0.228589167,0.7737395831
0.234451895,0.6179836356
0.2274355225,0.2641800519
0.2268153654,0.9174282487
0.2189526197,0.4811935506
0.2239638989,0.8185234308
0.2217511842,0.9679564148
0.212533492,0.6197033839
0.2074923145,0.8902599415
0.2054078663,0.4213734541
0.2153916852,0.8692392535
0.2071502413,0.7317177447
0.2041679886,0.3917893515
0.2003261347,1.1594481774
0.2102658347,0.3445023851
0.2097158338,0.7913290756
0.2119998369,1.0937285808
0.219172805,0.5480842567
0.2263334159,0.7652586704
0.2350242987,0.4268715103
0.2285814225,1.192337399
0.2380718721,0.7086759302
0.2353099736,1.1010553518
0.238777024,0.3849711888
0.2387645431,1.1041246523
0.2384075968,0.5638570751
0.2342290965,1.0560547785
0.2320986455,0.679771029
0.2266481959,0.3479448748
0.2341550357,0.3245565165
0.2393652302,0.532549681
0.2303300395,0.8547107651
0.2299048628,0.3742848728
0.2280901481,0.5671000401
0.2371501789,1.2078526847
0.2470126522,1.000282701
0.2532036768,0.4548775189
0.2575805199,0.3643385727
0.2498082722,0.6821843232
0.2496790277,0.3507699667
0.247865754,0.7526793934
0.2530887097,0.916536389
0.2461264057,0.3105920037
0.2498612803,0.5047097228
0.2482654304,0.5573257884
0.2413856967,0.7488638541
0.234989494,0.5064840239
0.225162482,0.9710514842
0.2307540817,0.5877121837
0.2246087427,1.1638485225
0.2237708336,0.8975590424
0.2308920788,0.7562259399
0.2217615725,1.0522537322
0.231420217,0.9871319983
0.235338265,0.9471620355
0.2409080875,1.1946125041
0.2446902227,0.9529528041
0.2412027357,1.1051313718
0.2326632884,0.902511591
0.2419108181,0.9402034294
0.2475952088,0.7204955367
0.2549187021,0.8137229414
0.2491750602,1.1489985207
0.2572863564,0.8887925634
0.2612408504,0.444207013
0.2551991106,0.9916608808
0.2625349925,0.957465459
0.262961911,0.317976626
0.2585071123,1.1622004882
0.258572468,1.2227006744
0.2638747943,0.4810901905
0.2677202061,1.1394485873
0.2714646526,0.5973047991
0.2707737058,0.5275848623
0.2750424183,0.4751485833
0.2749610374,1.1352119956
0.2673737253,0.824848509
0.2616820455,0.5538405907
0.2526241451,0.6958269069
0.257352807,0.8646599854
0.2564182154,0.5321437154
0.2526248731,0.8310435812
0.254290191,0.2664319652
0.2499510701,0.7556288394
0.2568276358,0.6310090714
0.2601679255,0.4603150527
0.2530348319,0.6479707254
0.2601547415,0.5447845363
0.2585325344,0.8646086018
0.2632586449,0.2537660222
0.2688219799,1.2201336147
0.2685533386,0.4414442397
0.269673184,0.8582551195
0.2795088625,0.7459412186
0.2791654897,0.5321381636
0.2707076575,1.1643162361
0.2788785719,0.29718941
0.2873279976,0.735448789
0.2904453537,0.6266227526
0.2935016581,1.182190678
0.289984817,0.3529889853
0.2984803618,0.6848170794
0.3032911211,0.9799828838
0.3013133031,1.2292869916
0.3013804191,0.7787417987
0.3076734562,1.2190679085
0.3175888164,0.4719538656
0.3145502445,0.3673986583
0.3060712696,0.4867498111
0.3032043307,0.4538404426
0.2965466929,0.7814308669
0.3045424376,0.7037435246
0.3021474535,1.0053565947
0.3007634361,0.3865449965
0.3015453529,0.3460835917
0.3024029173,0.5709541116
0.3076304333,0.7418669259
0.3078653474,0.6002746392
0.310321149,0.8752129305
0.3083148456,0.311647967
0.3102051924,1.1589173809
0.308206829,0.4240881516
0.314189305,0.816771978
0.3212316648,1.2297190274
0.328377322,1.1172478333
0.330366832,1.1342861656
0.3375013438,1.0429670026
0.3405836236,0.5128922147
0.3365505161,0.964120073
0.3376797934,0.5831099449
0.3378962121,1.3064671621
0.3377327513,0.5831213799
0.3444927927,0.4456593159
0.3510553496,0.9949677069
0.3589874232,0.5010979331
0.3663616388,0.459476501
0.3696674184,1.3116831487
0.3779107143,1.2774844161
0.3801569008,0.777210686
0.3712834665,0.731474879
0.3717056112,0.6426022423
0.370038816,1.1304233141
0.3619474565,0.475096503
0.3580467717,1.3227108407
0.3589986929,1.0997989898
0.3570204514,0.4971271674
0.3556969042,0.956283344
0.3621027852,0.7535288833
0.358965418,1.2998619906
0.3615764177,0.4350334078
0.3563206541,0.84238133
0.3534000945,1.3159197951
0.3468473566,0.3496026231
0.3482700275,0.6805787069
0.3537948848,1.2701085069
0.3529336677,0.9545837453
0.3442252726,0.6109322484
0.3502742871,1.1152544388
0.349648161,0.5403878524
0.3539387757,1.2407307743
0.3542135929,1.0852702605
0.3523619658,0.5197687939
0.356741526,0.396740971
0.3659751695,0.7241627301
0.3703088843,1.288426364
0.3795333352,1.2880748626
0.3746114845,0.7839857732
0.381671224,1.0005149876
0.3781005351,1.0784515741
0.3733934906,1.0990754003
0.3717054671,0.6427494157
0.3784585198,1.1745095137
0.3758781075,0.9090104049
0.3813236465,0.5655864881
0.3895883967,0.490393458
0.3867530178,0.9306569144
0.3929954122,1.1449064994
0.3934555629,1.3264619948
0.38728516,0.8814289089
0.3839013629,0.7441565027
0.3934551737,0.7505433169
0.4019748257,0.9766861919
0.4033933577,0.6317779644
0.4084750765,1.2390970349
0.4138684676,1.2353912845
0.4044546792,0.7154694304
0.4080526277,0.4123990282
0.4049245175,1.1630038489
0.3949481261,0.4780204529
0.3893007345,0.7282770961
0.393543236,0.9655458661
0.3942257508,0.4192153809
0.4029147525,0.6381105909
0.4054218862,0.4244077983
0.4032312737,0.8382738136
0.401018379,1.0405245951
0.3978078759,1.2433265275
0.3973375533,0.3810477977
0.4067176515,0.8754279296
0.4062808691,1.3044887948
0.4023939226,0.8034557417
0.4123448875,0.6780196269
0.4200011362,1.0502971562
0.4149419864,0.9657328811
0.4248918154,1.292642379
0.4183848736,1.0679576233
0.4216484848,1.1009595057
0.4139204781,0.4253219519
0.4069724247,0.6220173321
0.4121070602,0.4190601218
0.4139662955,1.3009777413
0.4141594391,1.0355528026
0.4061107525,0.4335603473
0.3971505428,0.5900811586
0.3946834657,0.6718727519
0.4002692912,0.887658424
0.3987577118,0.7693326195
0.3940463348,1.070377042
0.3966183491,0.9609426644
0.3941282738,1.1882800941
0.3844390015,1.2231340716
0.3859878956,1.2797970757
0.3868678873,0.9607311598
0.3837883724,1.3358803961
0.3767032799,0.6225748491
0.3746996168,0.757218868
0.3796569456,0.9943686686
0.3808368012,1.3429765246
0.3783108596,1.336105727
0.3882372572,0.5652220695
0.3920760507,1.1819034716
0.3853260651,0.3813464943
0.3932276808,0.9609082743
0.3960343392,1.1947593829
0.4014997655,0.7708530666
0.4022959565,0.9151765336
0.4027920388,0.4855655024
0.3960271823,1.1665049966
0.4012935367,0.9172237471
0.3957342399,1.280169407
0.4043264894,0.7510135105
0.39758477,0.5074515623
0.4016491354,0.9355049899
0.4049213276,0.9052563886
0.4086805102,0.4562741492
0.4101887523,0.4035327754
0.4072314646,0.3811223191
0.4057024073,1.2988945901
0.4122455918,1.3136849049
0.4210757069,1.1030418209
0.4174170388,0.4668986847
0.4272181219,0.6953008404
0.4186517677,1.2529192272
0.4127377502,0.7074971536
0.4225679153,0.6957443082
0.4309820669,1.141706813
0.432285348,0.6411616421
0.4364156419,0.8308116308
0.4295260512,0.5836041073
0.4385133252,1.2204682054
0.4429532832,0.9047281253
0.4443834616,0.9916600772
0.4349045347,0.4368860147
0.4285549598,0.8912244488
0.4326088027,0.4611575281
0.4374581351,1.2747494755
0.4381655844,0.7704475872
0.4413457481,0.6809511447
0.4480923264,1.3229248369
0.4399516837,0.5292261899
0.448261926,0.7270744103
0.4516746726,0.7162012661
0.4590069621,1.2160769771
0.4667936861,0.7297717068
0.4767686803,0.5541285898
0.483835825,1.000997157
0.4933864627,0.9567645938
0.4910412321,1.1173065584
0.4981462877,0.5652596945
0.4978811051,1.1511335528
0.5020538804,1.2385360346
0.5003921583,0.5434349291
0.5021481047,1.1274489416
0.5058943801,0.6303583604
0.5111152906,1.2032540653
0.510140188,0.4659422625
0.5077377327,1.2681348656
0.5072450973,1.3161710598
0.4997735465,1.1965481099
0.4899521948,1.0495067507
0.4823894891,0.9104486894
0.4812546927,1.0639539788
0.4776138657,0.639771559
0.4852449254,0.9139790615
0.4865319696,0.7165893732
0.4901067548,1.0473398401
0.4835893588,1.3622663388
0.4926743663,0.4493629589
0.4927889128,0.9976134648
0.496201849,0.9358168829
0.4927128553,0.685387084
0.5000603752,1.1287791923
0.4921591927,0.5048216869
0.4979905109,1.2635011917
0.4965894994,1.2883244108
0.505021799,1.3536159196
0.5042065963,1.3175566608
0.5022587346,0.893224999
0.5034250125,1.3755858589
0.5069279718,0.8421986261
0.4981165275,0.5842659312
0.5005223158,0.587431453
0.500578984,0.5839141932
0.4999317306,0.5711313895
0.5076113759,0.7083326493
0.512988034,0.4384399022
0.518366328,0.7711189027
0.5100225421,1.2354672512
0.5061184109,0.895287728
0.504175166,0.6419281174
0.5012737414,0.899889219
0.5014749091,0.9059554679
0.5083792973,1.1691321001
0.4988908657,0.5004717978
0.5035266841,0.4954527719
0.5122365531,0.4312256094
0.521864289,0.9880173435
0.5256484283,1.2158586061
0.5312031682,0.9992241676
0.5383352665,0.4413722835
0.5353539905,1.0443966722
0.539760052,0.9783146183
0.5312088947,0.558634485
0.5315587905,0.8824548629
0.525293143,0.966777278
0.5283581581,0.7821827981
0.525224731,1.3493251025
0.5244249801,1.009892976
0.5263277362,1.209727368
0.5199793974,1.1718095674
0.5154513307,0.9593116205
0.5093973774,1.2234197124
0.5169229963,1.411347747
0.5135748766,1.3816070245
0.5157766379,0.6716923563
0.5083652678,0.8081145438
0.5035654004,1.244609906
0.4980000299,1.1107045237
0.4978365087,0.9856945967
0.4917396227,0.4382519733
0.484048719,0.5740493664
0.4855225213,1.325159459
0.4765192346,1.3184704778
0.4695296373,0.6519480617
0.4693694714,1.0953318267
0.4657804197,1.0823332508
0.4670966317,1.1817101965
0.4760487263,0.808111687
0.4748750236,1.2030926363
0.4655115516,0.5345964455
0.465898045,0.7245655536
0.4582099243,0.4434390495
0.4607142047,1.1499434454
0.4623318408,0.4665526963
0.468027061,0.488171222
0.4691720577,0.8804532241
0.4770036835,0.6292224638
0.4837588635,1.0322509677
0.484976261,0.605186033
0.4947149369,0.4988408368
0.4893459338,0.7250566803
0.4846595017,1.3959517922
0.4924962332,1.3807514946
0.4881676356,0.4766302437
0.4862996379,0.6778611021
0.4772003944,0.8805884095
0.4760918504,0.5330326156
0.4699947241,0.4046595356
0.4610568428,1.2132841177
0.458161283,0.7717736393
0.4583527068,1.1377135921
0.4507470136,1.3605633761
0.4437439826,0.6714001069
0.4448737326,0.5729042506
0.4353271769,1.3455591257
0.4254141782,1.2738968542
0.4243679126,0.8608464083
0.4153643828,1.0415447188
0.4190006544,0.9833957127
0.4196591361,0.5218517595
0.4259138914,1.2309069825
0.4251215539,1.2910882976
0.4250718527,0.9782418035
0.4174301442,0.4589406503
0.4113532175,1.182713735
0.4034193164,0.9693825567
0.4002660219,0.9681349481
0.3963880733,0.433700687
0.3974119117,0.7232304499
0.3939939769,0.8747806045
0.3861580201,0.9758794385
0.3808598668,0.6839805014
0.3773429882,0.3952553298
0.3849067884,1.1632084701
0.3942357548,0.9065238149
0.4003944203,0.5743953558
0.396305968,0.9113701665
0.4058664031,1.0549939774
0.4138617044,1.0361991172
0.4223813302,1.259170455
0.4167674975,1.2515843952
0.424850196,0.5575300907
0.4207414367,0.5903721036
0.4247157327,0.6872130022
0.4173709078,0.8744433984
0.4223630418,0.9243147626
0.4236721494,1.2422893489
0.4201289088,0.6222579693
0.4110478241,0.3892504345
0.4022404687,1.2228792214
0.4000417952,1.2110021746
0.3946681495,0.8893291133
0.3856559262,0.4955742224
0.37711696,0.6608316223
0.3810948076,0.4020532294
0.3805152136,1.2636085445
0.3707714434,0.3514786342
0.3738309475,0.579329238
0.3790128635,0.5396191704
0.3726540505,1.0698377374
0.3663767897,0.6615671053
0.3738071492,0.8634439603
0.3673958043,1.089192494
0.3697373451,0.5147895581
0.3645983795,1.0416397366
0.3551284316,0.6178527665
0.3604815485,0.4841855343
0.3567971042,0.8044950383
0.3554602509,0.5871022901
0.3494321206,1.0735749751
0.3426231366,1.1257104928
0.3387397369,1.0157699139
0.3366761553,0.9019924052
0.3442880827,0.6555808336
0.3506195232,0.8880371346
0.3428894606,0.7641332833
0.3502929804,0.7096536505
0.3569104655,0.6002873377
0.3601134614,0.8698886547
0.3647226744,0.7654641936
0.3587136758,1.0819073698
0.3489315448,0.4323166158
0.3446851609,0.3817345181
0.3349982938,1.2083482841
0.3361506399,1.0220896409
0.3310352409,0.8394321611
0.3246345876,0.5036339028
0.3174565646,1.0006494687
0.3222027662,1.2537926088
0.3171378112,0.4514022111
0.3134348247,1.0952282837
0.3169270276,1.0936968635
0.3165842077,0.3371524154
0.3216965293,0.8676263835
0.331039689,0.7380006482
0.3313654687,0.6462259868
0.334954383,0.4108784519
0.3437624558,1.1251091772
0.3527887116,0.9250117631
0.344837283,0.3975756283
0.3420518524,1.074229511
0.3507412216,1.0864534068
0.3483861089,0.392604814
0.344220213,1.08807367
0.3478335492,1.1673872857
0.3505465735,0.5630537661
0.3472786382,0.8581983104
0.3484108915,0.4838612776
0.3461351359,0.9711260644
0.3390364126,0.9387038211
0.3329954961,0.3882604634
0.3345489194,0.3131263728
0.343985791,0.6890358913
0.35190328,1.3189336405
0.3493366,0.5832346246
0.3481418428,1.1371177409
0.347897547,1.2484540225
0.3428461392,0.7798499876
0.3486828009,1.0830050481
0.3549132804,0.995050822
0.3458862823,0.6303320503
0.3554832025,1.1933090567
